time,open,high,low,close,volume,close_x
2022-01-02,3765.54,3857.44,3717.3,3828.27,154791.4263,47286.18
2022-01-03,3828.11,3853.09,3680.0,3765.89,236245.8586,46446.1
2022-01-04,3765.89,3900.73,3713.11,3785.11,288258.5549,45832.01
2022-01-05,3785.1,3848.0,3415.0,3540.63,397942.0363,43451.13
2022-01-06,3539.82,3550.43,3300.0,3406.81,496745.7413,43082.31
2022-01-07,3406.81,3416.76,3064.42,3199.24,669631.7262,41566.48
2022-01-08,3198.68,3250.0,3000.0,3080.95,400692.1061,41679.74
2022-01-09,3080.98,3211.72,3057.35,3151.97,275874.1643,41864.62
2022-01-10,3151.97,3185.0,2928.83,3082.68,529818.3866,41822.49
2022-01-11,3082.87,3263.54,3051.8,3239.72,362446.7087,42729.29
2022-01-12,3239.73,3411.43,3206.2,3371.26,370465.8015,43902.66
2022-01-13,3371.6,3410.0,3233.43,3240.61,336234.8799,42560.11
2022-01-14,3240.61,3342.79,3188.0,3307.42,285326.3505,43059.96
2022-01-15,3307.42,3371.64,3261.0,3326.04,203100.3778,43084.29
2022-01-16,3326.51,3393.6,3269.62,3346.88,210782.2277,43071.66
2022-01-17,3346.89,3357.57,3141.1,3209.67,284063.6548,42201.62
2022-01-18,3209.68,3243.87,3082.0,3159.85,299134.2728,42352.12
2022-01-19,3159.85,3174.87,3000.0,3084.02,332996.5703,41660.01
2022-01-20,3084.02,3273.37,2987.15,3001.48,357596.7062,40680.91
2022-01-21,3001.48,3034.12,2403.0,2568.15,1022021.70024,36445.31
2022-01-22,2567.47,2626.0,2300.0,2412.18,1081357.54893,35071.42
2022-01-23,2412.18,2556.78,2370.8,2539.01,580497.7613,36244.55
2022-01-24,2539.0,2539.75,2159.0,2439.29,1123134.70389,36660.35
2022-01-25,2439.56,2506.55,2348.96,2458.83,510152.954,36958.32
2022-01-26,2459.04,2722.0,2402.03,2462.99,806441.62289,36809.34
2022-01-27,2463.0,2521.0,2316.43,2424.25,599481.7159,37160.1
2022-01-28,2424.02,2558.98,2357.88,2544.99,485149.8065,37716.56
2022-01-29,2544.99,2636.66,2520.01,2601.43,376666.8246,38166.84
2022-01-30,2601.43,2640.0,2542.5,2601.68,290770.0859,37881.76
2022-01-31,2601.67,2706.77,2476.07,2686.94,444584.851,38466.9
2022-02-01,2686.94,2813.0,2673.52,2787.23,390034.27362,38694.59
2022-02-02,2787.48,2810.88,2612.72,2680.67,447852.1228,36896.36
2022-02-03,2680.25,2726.64,2576.05,2695.46,405043.3931,37311.61
2022-02-04,2695.21,2995.0,2671.4,2994.99,664002.9328,41574.25
2022-02-05,2994.99,3060.47,2958.01,3012.65,356803.3071,41382.59
2022-02-06,3012.64,3074.56,2950.21,3054.99,249394.5966,42380.87
2022-02-07,3055.0,3186.0,2991.8,3139.77,455070.2529,43839.99
2022-02-08,3139.77,3232.87,3025.21,3116.69,514773.5837,44042.99
2022-02-09,3116.69,3269.7,3055.0,3243.94,370267.8913,44372.72
2022-02-10,3243.6,3283.66,3056.74,3072.49,578212.8383,43495.44
2022-02-11,3072.36,3138.62,2879.0,2927.54,462025.8751,42373.73
2022-02-12,2927.54,2985.98,2858.3,2918.88,336250.3131,42217.87
2022-02-13,2918.58,2954.4,2836.7,2871.13,242751.3547,42053.66
2022-02-14,2871.14,2964.97,2829.01,2929.75,381778.238,42535.94
2022-02-15,2929.75,3196.19,2912.06,3183.52,448971.754,44544.86
2022-02-16,3183.53,3186.77,3044.03,3122.3,319997.6244,43873.56
2022-02-17,3122.31,3160.0,2851.55,2891.87,488693.2624,40515.7
2022-02-18,2891.88,2943.97,2750.0,2779.48,502977.4069,39974.44
2022-02-19,2779.3,2830.96,2694.45,2763.63,293838.0025,40079.17
2022-02-20,2763.63,2764.64,2576.0,2621.99,386384.904,38386.89
2022-02-21,2621.99,2759.51,2558.0,2568.02,761838.9858,37008.16
2022-02-22,2568.03,2665.74,2500.0,2636.29,692639.4942,38230.33
2022-02-23,2636.28,2753.55,2575.83,2579.71,504470.1412,37250.01
2022-02-24,2579.7,2740.0,2300.0,2596.2,1395732.7753,38327.21
2022-02-25,2596.26,2834.97,2571.72,2768.49,679394.1762,39219.17
2022-02-26,2768.05,2878.0,2727.5,2779.47,418485.2529,39116.72
2022-02-27,2779.47,2836.33,2557.98,2616.79,650198.7785,37699.07
2022-02-28,2616.79,2951.6,2568.62,2920.95,733794.4488,43160.0
2022-03-01,2920.83,3037.94,2854.09,2976.33,673901.6976,44421.2
2022-03-02,2976.33,3043.91,2914.21,2947.3,614623.7461,43892.98
2022-03-03,2947.31,2970.97,2785.0,2833.99,446192.2353,42454.0
2022-03-04,2834.0,2836.17,2573.0,2622.1,556178.7588,39148.66
2022-03-05,2622.11,2685.12,2589.38,2665.15,268730.3036,39397.96
2022-03-06,2665.16,2676.29,2535.0,2551.29,336487.9099,38420.81
2022-03-07,2551.3,2649.0,2445.0,2491.12,620171.6787,37988.0
2022-03-08,2491.12,2624.0,2480.15,2575.97,561659.7421,38730.63
2022-03-09,2575.98,2775.85,2567.7,2726.98,562771.7403,41941.71
2022-03-10,2726.98,2733.25,2550.27,2606.7,559029.9377,39422.0
2022-03-11,2606.69,2676.78,2522.57,2556.86,494583.6568,38729.57
2022-03-12,2556.86,2616.79,2553.39,2568.8,219236.5711,38807.36
2022-03-13,2568.8,2603.32,2493.0,2515.65,316942.1601,37777.34
2022-03-14,2515.66,2609.6,2498.67,2589.41,386630.1912,39671.37
2022-03-15,2589.42,2669.0,2507.0,2617.73,461202.3014,39280.33
2022-03-16,2617.74,2788.0,2603.38,2773.81,666224.7217,41114.0
2022-03-17,2773.8,2836.0,2746.42,2811.92,379312.541,40917.9
2022-03-18,2811.91,2984.0,2765.59,2938.92,556535.7966,41757.51
2022-03-19,2938.84,2987.7,2890.86,2950.84,325971.5398,42201.13
2022-03-20,2950.85,2964.17,2817.21,2861.38,377608.8214,41262.11
2022-03-21,2861.39,2960.57,2829.81,2890.03,450223.9073,41002.25
2022-03-22,2890.03,3052.85,2886.43,2969.64,564868.9839,42364.13
2022-03-23,2969.64,3045.2,2920.65,3036.0,453962.7298,42882.76
2022-03-24,3035.99,3129.11,2999.11,3110.76,577171.5239,43991.46
2022-03-25,3110.75,3193.28,3076.0,3102.14,489099.5572,44313.16
2022-03-26,3102.13,3153.2,3084.9,3145.0,207134.847,44511.27
2022-03-27,3145.01,3299.37,3126.02,3295.65,335467.4145,46827.76
2022-03-28,3295.65,3431.15,3275.01,3332.92,527237.1133,47122.21
2022-03-29,3332.91,3481.87,3329.68,3400.51,465899.8226,47434.8
2022-03-30,3400.51,3446.9,3331.84,3385.79,356082.5231,47067.99
2022-03-31,3385.8,3444.83,3261.35,3281.51,455091.2395,45510.34
2022-04-01,3281.51,3481.29,3210.68,3455.21,532169.2392,46283.49
2022-04-02,3455.2,3532.2,3433.14,3443.77,499893.29,45811.0
2022-04-03,3443.77,3580.34,3412.11,3521.91,381581.7683,46407.35
2022-04-04,3521.9,3547.0,3405.97,3519.5,449984.1586,46580.51
2022-04-05,3519.5,3555.0,3400.0,3406.99,397782.7437,45497.55
2022-04-06,3407.0,3407.5,3162.39,3168.51,736273.1047,43170.47
2022-04-07,3168.52,3268.98,3143.15,3227.19,458179.3272,43444.19
2022-04-08,3227.2,3314.02,3173.52,3192.39,502422.5048,42252.01
2022-04-09,3192.39,3268.4,3181.28,3258.57,212444.2566,42753.97
2022-04-10,3258.57,3307.22,3193.0,3203.04,232303.2326,42158.85
2022-04-11,3203.04,3213.63,2950.0,2979.74,693394.2912,39530.45
2022-04-12,2979.75,3085.0,2950.0,3027.66,579522.9505,40074.94
2022-04-13,3027.65,3128.97,2996.86,3118.28,419101.494,41147.79
2022-04-14,3118.28,3145.0,2976.3,3021.98,408382.5572,39942.38
2022-04-15,3021.98,3060.92,2993.13,3040.56,249626.2981,40551.9
2022-04-16,3040.57,3086.1,3010.03,3059.3,176352.4165,40378.71
2022-04-17,3059.3,3083.0,2981.7,2988.06,243772.074,39678.12
2022-04-18,2988.07,3069.6,2883.22,3055.56,510251.6536,40801.13
2022-04-19,3055.56,3131.0,3030.34,3101.77,359375.0038,41493.18
2022-04-20,3101.74,3166.5,3036.45,3076.04,415000.0685,41358.19
2022-04-21,3076.03,3180.0,2942.31,2983.58,562699.697,40480.01
2022-04-22,2983.57,3034.32,2930.35,2962.39,452433.082,39709.18
2022-04-23,2962.39,2978.03,2913.89,2933.03,187576.7324,39441.6
2022-04-24,2933.04,2967.06,2912.09,2921.0,218957.0222,39450.13
2022-04-25,2920.99,3025.65,2797.01,3006.62,619198.3616,40426.08
2022-04-26,3006.63,3039.54,2767.0,2809.67,531184.3504,38112.65
2022-04-27,2809.68,2919.87,2794.46,2888.96,488951.2416,39235.72
2022-04-28,2888.95,2980.0,2853.83,2936.93,537392.9978,39742.07
2022-04-29,2936.92,2946.46,2776.63,2817.13,525978.147,38596.11
2022-04-30,2817.13,2841.63,2709.26,2726.66,367757.2469,37630.8
2022-05-01,2726.67,2849.9,2716.13,2824.81,442544.8792,38468.35
2022-05-02,2824.81,2894.22,2778.78,2856.54,521706.8567,38525.16
2022-05-03,2856.54,2861.47,2755.19,2781.7,371331.1796,37728.95
2022-05-04,2781.7,2965.85,2771.74,2940.64,548738.0668,39690.0
2022-05-05,2940.65,2954.65,2683.0,2747.97,734845.3194,36552.97
2022-05-06,2747.96,2758.18,2632.95,2692.85,711449.3234,36013.77
2022-05-07,2692.86,2704.36,2584.75,2635.34,371271.4532,35472.39
2022-05-08,2635.35,2642.0,2484.0,2519.71,757615.3415,34038.4
2022-05-09,2519.71,2530.78,2225.0,2228.55,1574924.9793,30076.31
2022-05-10,2229.0,2457.34,2200.0,2342.05,1550626.1387,31017.1
2022-05-11,2342.04,2451.37,2005.0,2084.99,2022864.83806,29103.94
2022-05-12,2084.99,2195.0,1800.0,1960.22,2305192.90836,29029.75
2022-05-13,1960.22,2147.54,1940.23,2009.69,1134042.3387,29287.05
2022-05-14,2009.69,2070.06,1951.21,2056.48,563788.3078,30086.74
2022-05-15,2056.47,2167.0,2000.68,2145.29,514398.2587,31328.89
2022-05-16,2145.29,2145.29,1979.12,2023.66,822070.8531,29874.01
2022-05-17,2023.66,2122.42,2008.0,2090.72,568249.0448,30444.93
2022-05-18,2090.72,2110.72,1908.0,1915.11,631577.2341,28715.32
2022-05-19,1915.11,2040.39,1903.18,2019.55,741476.9794,30319.23
2022-05-20,2019.55,2064.0,1923.0,1959.08,576981.5371,29201.01
2022-05-21,1959.08,1990.86,1937.36,1975.07,238869.7632,29445.06
2022-05-22,1975.06,2056.41,1966.33,2043.19,355735.1927,30293.94
2022-05-23,2043.19,2088.5,1957.12,1973.32,636085.0224,29109.15
2022-05-24,1973.33,1993.83,1913.02,1979.41,534096.972,29654.58
2022-05-25,1979.4,2022.34,1934.61,1942.63,524786.3091,29542.15
2022-05-26,1942.64,1966.01,1735.0,1792.23,1168740.57514,29201.35
2022-05-27,1792.24,1822.26,1703.0,1727.27,1296693.28537,28629.8
2022-05-28,1727.26,1808.98,1722.26,1792.22,558271.1818,29031.33
2022-05-29,1792.21,1827.4,1759.96,1813.64,432430.611,29468.1
2022-05-30,1813.64,2013.0,1803.18,1998.78,814922.8359,31734.22
2022-05-31,1998.78,2016.45,1925.0,1941.9,751103.4226,31801.04
2022-06-01,1941.9,1972.58,1763.75,1817.95,1037841.2706,29805.83
2022-06-02,1817.96,1853.05,1782.42,1834.08,788784.4017,30452.62
2022-06-03,1834.09,1843.91,1737.0,1775.12,741282.5346,29700.21
2022-06-04,1775.13,1816.0,1748.43,1804.58,388279.4579,29864.04
2022-06-05,1804.58,1830.17,1773.05,1806.23,371974.5061,29919.21
2022-06-06,1806.22,1920.0,1804.35,1859.84,804250.3567,31373.1
2022-06-07,1859.84,1874.98,1725.13,1813.33,1397598.2288,31125.33
2022-06-08,1813.33,1838.77,1765.28,1791.88,941510.1373,30204.77
2022-06-09,1791.88,1833.0,1777.33,1788.81,535310.9618,30109.93
2022-06-10,1788.8,1804.32,1655.93,1662.91,955035.79239,29091.88
2022-06-11,1662.91,1682.21,1496.74,1532.89,1220325.2542,28424.7
2022-06-12,1532.89,1547.0,1423.0,1434.84,1563225.37018,26574.53
2022-06-13,1434.84,1455.0,1165.45,1209.82,3626351.66536,22487.41
2022-06-14,1209.35,1268.45,1075.8,1208.9,2716493.80131,22136.41
2022-06-15,1208.9,1250.0,1014.4,1237.52,3114823.13621,22583.72
2022-06-16,1237.53,1257.85,1051.55,1068.5,1447386.8304,20401.31
2022-06-17,1068.5,1118.0,1051.11,1086.94,1220677.9491,20468.81
2022-06-18,1086.93,1097.58,881.56,995.13,2308983.5187,18970.79
2022-06-19,995.12,1158.62,936.15,1128.53,2018599.4499,20574.0
2022-06-20,1128.53,1170.0,1053.0,1128.24,1721772.9132,20573.89
2022-06-21,1128.24,1194.0,1109.23,1125.85,1306095.3757,20723.52
2022-06-22,1125.86,1127.33,1043.65,1050.19,1306959.8593,19987.99
2022-06-23,1050.19,1155.0,1045.3,1144.72,1278257.0899,21110.13
2022-06-24,1144.71,1245.43,1132.0,1225.02,1337137.483,21237.69
2022-06-25,1225.02,1256.77,1180.0,1242.36,861986.6177,21491.19
2022-06-26,1242.31,1280.0,1194.6,1197.79,884184.273,21038.07
2022-06-27,1197.79,1238.93,1172.49,1192.51,868734.2061,20742.56
2022-06-28,1192.51,1237.99,1136.32,1144.05,1104065.2211,20281.29
2022-06-29,1144.05,1156.8,1087.42,1100.21,1295517.796,20123.01
2022-06-30,1100.21,1106.62,998.0,1071.01,1420670.3656,19942.21
2022-07-01,1071.02,1117.0,1033.44,1059.73,1562255.1439,19279.8
2022-07-02,1059.73,1078.88,1028.29,1067.01,714812.0804,19252.81
2022-07-03,1067.01,1088.34,1040.78,1074.26,644746.3337,19315.83
2022-07-04,1074.26,1160.9,1045.37,1151.0,1150108.9861,20236.71
2022-07-05,1151.01,1174.9,1076.34,1132.5,1398961.4495,20175.83
2022-07-06,1132.51,1205.0,1111.44,1186.57,1211768.0757,20564.51
2022-07-07,1186.57,1254.29,1163.18,1237.49,1001316.079,21624.98
2022-07-08,1237.49,1276.46,1193.15,1214.04,1189518.3631,21594.75
2022-07-09,1214.03,1235.4,1204.67,1217.02,576337.1809,21591.83
2022-07-10,1217.02,1219.95,1153.0,1168.36,1018038.6506,20862.47
2022-07-11,1168.37,1171.29,1091.71,1096.4,1201652.3048,19963.61
2022-07-12,1096.37,1098.26,1033.46,1038.58,1261349.6321,19328.75
2022-07-13,1038.58,1119.18,1006.32,1115.0,2035605.8299,20234.87
2022-07-14,1115.01,1214.65,1072.11,1193.42,1605101.9262,20588.84
2022-07-15,1193.42,1287.82,1181.05,1231.25,1466037.2584,20830.04
2022-07-16,1231.25,1422.91,1191.23,1355.85,1493809.9226,21195.6
2022-07-17,1355.84,1387.0,1319.04,1338.65,1246202.8795,20798.16
2022-07-18,1338.65,1597.47,1336.07,1581.04,2029918.76521,22432.58
2022-07-19,1581.03,1631.0,1493.11,1542.32,1846048.6816,23396.62
2022-07-20,1542.33,1620.4,1484.23,1521.58,1351177.4247,23223.3
2022-07-21,1521.63,1605.98,1463.56,1575.45,1247327.4963,23152.19
2022-07-22,1575.45,1650.05,1516.11,1535.27,1170723.0873,22684.83
2022-07-23,1535.27,1596.51,1488.0,1548.67,851284.7339,22451.07
2022-07-24,1548.66,1664.34,1545.67,1597.7,1009935.8997,22579.68
2022-07-25,1597.7,1609.55,1435.58,1440.79,1418390.9809,21310.9
2022-07-26,1440.79,1454.11,1356.17,1449.12,1199643.7408,21254.67
2022-07-27,1449.12,1644.44,1420.83,1635.74,1513426.0413,22952.45
2022-07-28,1635.74,1784.79,1593.27,1724.52,1578145.07555,23842.93
2022-07-29,1724.52,1765.99,1655.02,1721.68,1205266.5703,23773.75
2022-07-30,1721.68,1744.85,1673.01,1697.0,735132.5286,23643.51
2022-07-31,1697.0,1754.69,1666.0,1678.12,696326.8079,23293.32
2022-08-01,1678.12,1704.68,1606.12,1630.28,801566.5648,23268.01
2022-08-02,1630.28,1678.0,1559.28,1630.91,1081964.5104,22987.79
2022-08-03,1630.91,1685.03,1589.71,1618.16,777724.7413,22818.37
2022-08-04,1618.16,1662.79,1580.39,1607.96,735552.181,22622.98
2022-08-05,1607.97,1742.07,1605.64,1736.81,1005846.4712,23312.42
2022-08-06,1736.81,1749.93,1685.26,1690.6,523314.6444,22954.21
2022-08-07,1690.6,1729.79,1668.0,1700.19,439904.764,23174.39
2022-08-08,1700.2,1818.0,1693.87,1777.05,781620.5443,23810.0
2022-08-09,1777.05,1790.83,1667.93,1702.76,818171.1019,23149.95
2022-08-10,1702.76,1885.0,1656.78,1853.57,1317767.5127,23954.05
2022-08-11,1853.58,1942.0,1850.32,1880.19,1105261.9009,23934.39
2022-08-12,1880.19,1964.71,1853.06,1958.28,717628.1015,24403.68
2022-08-13,1958.28,2020.0,1946.5,1983.55,695876.0293,24441.38
2022-08-14,1983.55,2030.0,1906.0,1935.31,569583.4852,24305.24
2022-08-15,1935.32,2012.47,1872.31,1899.06,949162.3305,24094.82
2022-08-16,1899.05,1915.0,1853.0,1876.67,622729.1499,23854.74
2022-08-17,1876.67,1959.43,1818.74,1834.25,951824.8975,23342.66
2022-08-18,1834.24,1882.37,1821.25,1846.39,606254.024,23191.2
2022-08-19,1846.39,1848.0,1602.37,1609.01,1419826.9515,20834.39
2022-08-20,1609.0,1657.08,1523.67,1576.04,914615.9226,21140.07
2022-08-21,1576.03,1646.52,1562.34,1618.13,780662.6062,21515.61
2022-08-22,1618.13,1629.72,1529.92,1624.66,941192.8954,21399.83
2022-08-23,1624.65,1676.07,1563.76,1665.41,940246.932,21529.12
2022-08-24,1665.4,1694.13,1604.92,1656.56,744667.6078,21368.08
2022-08-25,1656.56,1722.0,1653.68,1695.11,603090.713,21559.04
2022-08-26,1695.11,1706.45,1486.85,1508.18,1149912.8292,20241.05
2022-08-27,1508.18,1518.42,1447.52,1491.06,756136.6768,20037.6
2022-08-28,1491.06,1511.0,1424.0,1426.76,544846.4486,19555.61
2022-08-29,1426.76,1559.99,1422.08,1551.8,826252.0831,20285.73
2022-08-30,1551.79,1606.13,1473.61,1524.59,1003075.0172,19811.66
2022-08-31,1524.59,1619.78,1524.59,1554.1,949227.6775,20050.02
2022-09-01,1554.11,1599.0,1512.77,1586.16,728710.482,20131.46
2022-09-02,1586.17,1650.0,1546.41,1575.35,919009.6598,19951.86
2022-09-03,1575.35,1582.71,1534.28,1557.46,321397.2189,19831.9
2022-09-04,1557.45,1583.66,1540.66,1579.28,296591.1166,20000.3
2022-09-05,1579.29,1631.99,1556.56,1617.8,503492.937,19796.84
2022-09-06,1617.8,1687.4,1555.0,1559.01,1010722.8578,18790.61
2022-09-07,1559.01,1657.5,1490.66,1630.0,850991.4243,19292.84
2022-09-08,1630.0,1663.56,1595.06,1635.37,645124.0085,19319.77
2022-09-09,1635.37,1746.13,1630.51,1718.23,837458.2126,21360.11
2022-09-10,1718.24,1789.0,1706.03,1774.12,411046.2466,21648.34
2022-09-11,1774.12,1789.0,1720.1,1766.11,409287.7263,21826.87
2022-09-12,1766.12,1783.0,1693.0,1716.37,630774.6032,22395.74
2022-09-13,1716.37,1760.51,1560.54,1574.4,1134549.7256,20173.57
2022-09-14,1574.4,1647.01,1552.38,1638.39,764562.5393,20226.71
2022-09-15,1638.4,1655.2,1458.0,1472.75,1335499.8047,19701.88
2022-09-16,1472.76,1483.35,1405.52,1433.9,693597.2425,19803.3
2022-09-17,1433.9,1476.13,1409.12,1468.83,421391.3743,20113.62
2022-09-18,1468.82,1469.63,1325.55,1334.51,804113.468,19416.18
2022-09-19,1334.51,1393.35,1280.0,1375.98,974855.198,19537.02
2022-09-20,1375.98,1384.78,1312.71,1322.93,658027.1465,18875.0
2022-09-21,1322.94,1408.9,1220.0,1245.78,1192266.7379,18461.36
2022-09-22,1245.79,1350.08,1237.32,1326.46,904282.2725,19401.63
2022-09-23,1326.47,1360.0,1262.15,1327.25,974052.3644,19289.91
2022-09-24,1327.24,1349.33,1306.52,1317.13,517557.3497,18920.5
2022-09-25,1317.13,1337.0,1269.27,1294.63,515533.8409,18807.38
2022-09-26,1294.62,1340.42,1277.85,1336.17,799166.4333,19227.82
2022-09-27,1336.17,1400.0,1303.75,1328.02,860584.8944,19079.13
2022-09-28,1328.01,1355.7,1253.2,1337.2,919314.9131,19412.82
2022-09-29,1337.2,1352.02,1288.52,1335.7,770591.6895,19591.51
2022-09-30,1335.69,1373.19,1313.35,1328.72,740753.611,19422.61
2022-10-01,1328.71,1333.69,1302.68,1311.79,252081.9056,19310.95
2022-10-02,1311.79,1317.93,1270.0,1276.72,371740.0407,19056.8
2022-10-03,1276.72,1329.9,1263.04,1323.09,483775.2435,19629.08
2022-10-04,1323.1,1369.55,1318.66,1361.49,476207.6702,20337.82
2022-10-05,1361.5,1364.77,1316.29,1352.2,483508.7782,20158.26
2022-10-06,1352.2,1383.99,1345.01,1352.06,573975.324,19960.67
2022-10-07,1352.07,1361.75,1317.26,1331.1,491999.8776,19530.09
2022-10-08,1331.1,1337.35,1303.51,1315.48,203391.6612,19417.96
2022-10-09,1315.48,1329.0,1307.26,1323.13,186201.9185,19439.02
2022-10-10,1323.13,1338.0,1288.0,1290.03,393663.0114,19131.87
2022-10-11,1290.03,1298.0,1267.01,1280.11,429430.3941,19060.0
2022-10-12,1280.11,1306.87,1275.25,1294.44,369712.5759,19155.53
2022-10-13,1294.44,1301.58,1190.0,1287.08,945618.3163,19375.13
2022-10-14,1287.08,1343.12,1283.39,1296.27,669742.8093,19176.93
2022-10-15,1296.26,1301.69,1263.64,1274.92,287100.9529,19069.39
2022-10-16,1274.93,1315.35,1274.67,1305.95,293321.3632,19262.98
2022-10-17,1305.96,1338.57,1295.64,1331.4,459848.4941,19549.86
2022-10-18,1331.39,1341.73,1286.72,1310.71,572728.9189,19327.44
2022-10-19,1310.71,1313.5,1280.31,1285.09,368637.5105,19123.97
2022-10-20,1285.09,1310.87,1270.36,1282.57,428531.6103,19041.92
2022-10-21,1282.57,1306.97,1252.65,1299.75,468076.7986,19164.37
2022-10-22,1299.76,1320.2,1294.32,1313.61,221776.7007,19204.35
2022-10-23,1313.62,1371.55,1299.44,1364.2,432269.46,19570.4
2022-10-24,1364.19,1370.6,1324.17,1343.61,611830.797,19329.72
2022-10-25,1343.61,1525.16,1334.94,1459.74,1127932.9012,20080.07
2022-10-26,1459.74,1594.99,1457.44,1566.1,1236044.7023,20771.59
2022-10-27,1566.11,1578.58,1503.2,1514.05,869454.4851,20295.11
2022-10-28,1514.04,1574.9,1479.82,1554.41,858954.4425,20591.84
2022-10-29,1554.4,1663.06,1547.66,1619.55,914161.0846,20809.67
2022-10-30,1619.55,1640.06,1576.56,1590.44,476036.4243,20627.48
2022-10-31,1590.45,1635.8,1545.43,1572.69,810334.2414,20490.74
2022-11-01,1572.69,1612.92,1563.69,1578.48,527539.2965,20483.62
2022-11-02,1578.47,1621.68,1502.32,1518.34,981395.3648,20151.84
2022-11-03,1518.33,1559.01,1515.17,1531.01,560202.8813,20207.82
2022-11-04,1531.01,1680.0,1528.4,1644.78,935531.4781,21148.52
2022-11-05,1644.78,1666.97,1621.42,1626.98,351385.5362,21299.37
2022-11-06,1626.98,1639.02,1564.39,1568.29,414863.9525,20905.58
2022-11-07,1568.25,1608.04,1545.03,1568.1,642409.4494,20591.13
2022-11-08,1568.09,1579.98,1233.0,1334.77,2339916.5089,18547.23
2022-11-09,1334.78,1337.16,1073.53,1102.73,2494797.9357,15922.81
2022-11-10,1102.73,1350.0,1085.93,1299.28,1975955.6767,17601.15
2022-11-11,1299.28,1310.0,1201.26,1289.28,1308087.1498,17070.31
2022-11-12,1289.35,1292.16,1238.7,1257.25,547772.9172,16812.08
2022-11-13,1257.25,1274.23,1200.66,1221.49,547410.5304,16329.85
2022-11-14,1221.5,1291.2,1171.13,1243.28,934742.0059,16619.46
2022-11-15,1243.29,1291.0,1234.01,1253.23,632825.568,16900.57
2022-11-16,1253.22,1268.67,1187.06,1216.17,673339.7215,16662.76
2022-11-17,1216.16,1228.22,1181.05,1200.43,530537.3488,16692.56
2022-11-18,1200.42,1234.0,1199.18,1212.58,360218.5337,16700.45
2022-11-19,1212.58,1235.0,1197.67,1217.67,209789.5888,16700.68
2022-11-20,1217.67,1227.07,1132.65,1142.21,531108.7607,16280.23
2022-11-21,1142.21,1146.99,1079.76,1107.34,922647.9454,15781.29
2022-11-22,1107.34,1146.13,1075.0,1139.6,748884.5791,16226.94
2022-11-23,1139.59,1190.0,1127.75,1184.52,636927.1594,16603.11
2022-11-24,1184.52,1217.71,1180.6,1203.73,486080.6123,16598.95
2022-11-25,1203.72,1207.77,1171.2,1199.3,391430.1658,16522.14
2022-11-26,1199.29,1235.66,1196.2,1205.6,379840.8116,16458.57
2022-11-27,1205.61,1223.33,1188.65,1193.88,286386.7986,16428.78
2022-11-28,1193.88,1199.25,1151.02,1167.77,478795.6093,16212.91
2022-11-29,1167.77,1228.37,1158.27,1216.49,512143.5861,16442.53
2022-11-30,1216.49,1309.77,1212.5,1294.46,815679.2717,17163.64
2022-12-01,1294.46,1299.9,1262.77,1276.41,430018.7391,16977.37
2022-12-02,1276.4,1297.18,1265.24,1295.59,371559.585,17092.74
2022-12-03,1295.58,1309.0,1236.26,1240.51,347148.2588,16885.2
2022-12-04,1240.5,1287.19,1240.1,1279.41,324129.5466,17105.7
2022-12-05,1279.4,1305.11,1246.61,1259.41,391628.5166,16966.35
2022-12-06,1259.41,1274.76,1241.56,1271.32,301631.839,17088.96
2022-12-07,1271.31,1278.69,1218.01,1231.18,398559.5166,16836.64
2022-12-08,1231.18,1292.58,1222.01,1280.18,406653.5447,17224.1
2022-12-09,1280.18,1296.64,1250.0,1263.1,406008.0032,17128.56
2022-12-10,1263.11,1283.61,1259.6,1266.35,182278.6396,17127.49
2022-12-11,1266.35,1284.75,1255.85,1263.01,180494.902,17085.05
2022-12-12,1263.0,1278.9,1240.03,1275.4,363750.5481,17209.83
2022-12-13,1275.41,1349.0,1255.1,1320.69,659393.8825,17774.7
2022-12-14,1320.69,1352.72,1301.0,1307.44,554465.5717,17803.15
2022-12-15,1307.45,1311.14,1259.27,1266.54,390051.2447,17356.34
2022-12-16,1266.53,1280.06,1155.32,1166.83,751422.2779,16632.12
2022-12-17,1166.82,1190.03,1161.92,1187.16,328881.6281,16776.52
2022-12-18,1187.16,1199.54,1170.32,1183.06,252260.144,16738.21
2022-12-19,1183.06,1195.0,1150.51,1167.82,296832.7228,16438.88
2022-12-20,1167.82,1230.47,1163.12,1216.94,465184.1943,16895.56
2022-12-21,1216.95,1223.39,1203.02,1213.78,245723.8377,16824.67
2022-12-22,1213.78,1237.99,1182.54,1217.71,336761.6598,16821.43
2022-12-23,1217.72,1231.99,1210.0,1219.99,278604.2882,16778.5
2022-12-24,1219.98,1227.99,1214.69,1220.41,123701.5301,16836.12
2022-12-25,1220.42,1225.0,1193.18,1218.51,231652.0612,16832.11
2022-12-26,1218.52,1231.09,1211.67,1228.11,162723.0857,16919.39
2022-12-27,1228.12,1233.73,1200.58,1211.55,262437.6398,16706.36
2022-12-28,1211.55,1215.78,1181.06,1190.15,367828.8914,16547.31
2022-12-29,1190.15,1206.57,1186.77,1200.49,249130.4869,16633.47
2022-12-30,1200.48,1202.15,1181.08,1199.99,266014.2115,16607.48
2022-12-31,1199.98,1208.46,1191.66,1196.13,139379.2811,16542.4
2023-01-01,1196.13,1204.67,1190.57,1200.34,117762.0685,16616.75
2023-01-02,1200.33,1224.29,1193.0,1214.0,252794.14,16672.87
2023-01-03,1213.99,1219.89,1204.93,1214.55,205519.4944,16675.18
2023-01-04,1214.56,1272.6,1212.71,1256.9,457799.6648,16850.36
2023-01-05,1256.91,1259.95,1242.81,1251.24,272805.33,16831.85
2023-01-06,1251.25,1276.7,1236.0,1269.14,342344.2023,16950.65
2023-01-07,1269.13,1271.09,1261.3,1264.07,129474.2884,16943.57
2023-01-08,1264.06,1296.0,1257.77,1290.16,213636.7848,17127.83
2023-01-09,1290.15,1344.91,1285.44,1320.39,581727.6968,17178.26
2023-01-10,1320.4,1347.69,1316.8,1335.62,459660.2307,17440.66
2023-01-11,1335.63,1398.0,1321.04,1389.39,472465.9556,17943.26
2023-01-12,1389.4,1438.0,1361.92,1415.92,877712.4492,18846.62
2023-01-13,1415.91,1464.0,1401.03,1451.2,499377.8649,19930.01
2023-01-14,1451.21,1599.98,1449.14,1549.9,940691.7774,20954.92
2023-01-15,1549.91,1566.66,1516.03,1552.52,387832.7138,20871.5
2023-01-16,1552.52,1604.5,1521.31,1576.94,574622.8953,21185.65
2023-01-17,1576.94,1609.0,1541.15,1565.57,506771.7219,21134.81
2023-01-18,1565.56,1610.0,1501.39,1511.43,752534.8857,20677.47
2023-01-19,1511.44,1564.43,1509.15,1551.09,308679.4645,21071.59
2023-01-20,1551.09,1669.9,1542.02,1658.52,440570.9974,22667.21
2023-01-21,1658.53,1679.26,1616.21,1626.66,494248.6009,22783.55
2023-01-22,1626.65,1663.89,1604.0,1627.44,431729.6909,22707.88
2023-01-23,1627.43,1648.09,1585.29,1626.29,407267.1156,22916.45
2023-01-24,1626.28,1641.46,1535.0,1555.97,462275.3243,22632.89
2023-01-25,1555.97,1641.0,1518.0,1611.94,646474.9166,23060.94
2023-01-26,1611.95,1632.84,1577.43,1601.09,532777.8466,23009.65
2023-01-27,1601.08,1621.0,1552.54,1597.62,512093.3875,23074.16
2023-01-28,1597.61,1606.83,1555.99,1572.1,313675.6574,23022.6
2023-01-29,1572.1,1660.0,1566.33,1644.72,551767.9134,23742.3
2023-01-30,1644.73,1647.53,1535.0,1566.2,595055.3281,22826.15
2023-01-31,1566.21,1605.18,1561.63,1585.33,348856.6751,23125.13
2023-02-01,1585.32,1647.77,1555.18,1641.68,474617.1709,23732.66
2023-02-02,1641.67,1714.68,1626.85,1643.12,629188.8874,23488.94
2023-02-03,1643.12,1676.0,1625.93,1663.52,464815.032,23431.9
2023-02-04,1663.52,1695.29,1645.43,1666.38,308227.1295,23326.84
2023-02-05,1666.39,1673.81,1609.3,1629.02,413579.6748,22932.91
2023-02-06,1629.01,1658.56,1605.01,1614.29,384119.4197,22762.52
2023-02-07,1614.28,1678.37,1613.14,1671.03,451922.4,23240.46
2023-02-08,1671.03,1697.91,1630.47,1650.43,417966.2539,22963.0
2023-02-09,1650.42,1656.17,1524.4,1545.35,658011.6964,21796.35
2023-02-10,1545.35,1555.01,1490.0,1513.06,484654.2199,21625.19
2023-02-11,1513.05,1543.0,1505.0,1538.51,289691.5708,21862.55
2023-02-12,1538.5,1548.02,1493.08,1514.83,286758.374,21783.54
2023-02-13,1514.82,1526.1,1461.93,1505.24,643152.3904,21773.97
2023-02-14,1505.25,1569.0,1482.66,1555.71,668964.3768,22199.84
2023-02-15,1555.7,1680.0,1542.55,1674.92,581207.8586,24324.05
2023-02-16,1674.92,1742.97,1633.72,1637.84,832723.6731,23517.72
2023-02-17,1637.83,1722.0,1630.51,1693.87,579934.663,24569.97
2023-02-18,1693.81,1713.13,1679.77,1691.62,267305.7813,24631.95
2023-02-19,1691.62,1726.59,1666.14,1679.75,401023.0477,24271.76
2023-02-20,1679.74,1719.89,1650.56,1703.27,451314.8335,24842.2
2023-02-21,1703.27,1716.66,1636.3,1659.76,520354.4688,24452.16
2023-02-22,1659.77,1666.95,1595.07,1643.14,528875.4809,24182.21
2023-02-23,1643.15,1679.0,1628.75,1650.53,501305.9717,23940.2
2023-02-24,1650.52,1664.66,1575.64,1607.8,512515.4982,23185.29
2023-02-25,1607.8,1608.98,1557.33,1594.58,290188.0391,23157.07
2023-02-26,1594.58,1651.26,1587.76,1641.36,308607.9941,23554.85
2023-02-27,1641.37,1665.22,1608.0,1633.45,431861.4129,23492.09
2023-02-28,1633.45,1647.52,1596.66,1605.23,393523.1647,23141.57
2023-03-01,1605.24,1669.72,1595.0,1665.22,474456.8235,23628.97
2023-03-02,1665.23,1677.86,1619.18,1647.86,423023.8082,23465.32
2023-03-03,1647.86,1649.25,1544.39,1569.45,742816.5976,22354.34
2023-03-04,1569.45,1577.53,1549.12,1566.73,237640.2606,22346.57
2023-03-05,1566.74,1588.77,1553.05,1564.58,299240.7415,22430.24
2023-03-06,1564.57,1583.49,1554.44,1565.84,307709.3011,22410.0
2023-03-07,1565.84,1584.49,1536.14,1561.96,437947.9032,22197.96
2023-03-08,1561.95,1570.89,1523.61,1532.38,460101.7658,21705.44
2023-03-09,1532.38,1546.45,1408.0,1437.32,718485.1364,20362.22
2023-03-10,1437.32,1439.43,1368.39,1426.44,960262.4509,20150.69
2023-03-11,1426.43,1478.07,1408.4,1471.97,1374859.6201,20455.73
2023-03-12,1471.93,1594.19,1448.3,1580.33,1002355.0929,21997.11
2023-03-13,1580.33,1693.49,1565.0,1673.45,1228063.6053,24113.48
2023-03-14,1673.44,1780.02,1655.24,1699.4,1283321.2355,24670.41
2023-03-15,1699.41,1716.9,1611.0,1649.96,963142.4833,24285.66
2023-03-16,1649.95,1691.42,1632.18,1673.73,627985.6119,24998.78
2023-03-17,1673.73,1800.0,1662.65,1789.27,907528.2825,27395.13
2023-03-18,1789.26,1841.0,1747.47,1758.84,711614.731,26907.49
2023-03-19,1758.84,1841.36,1757.92,1780.68,541131.8908,27972.87
2023-03-20,1780.67,1803.05,1722.0,1732.78,682848.1248,27717.01
2023-03-21,1732.77,1835.0,1717.01,1801.23,742348.4999,28105.47
2023-03-22,1801.23,1819.98,1710.12,1734.33,891287.6009,27250.97
2023-03-23,1734.34,1857.16,1729.35,1813.79,732061.103,28295.41
2023-03-24,1813.78,1818.99,1726.4,1749.57,564770.1417,27454.47
2023-03-25,1749.57,1763.23,1713.09,1741.88,355679.3743,27462.95
2023-03-26,1741.88,1801.0,1739.31,1773.88,354933.2372,27968.05
2023-03-27,1773.88,1780.48,1686.13,1715.22,570563.5023,27124.91
2023-03-28,1715.21,1795.73,1701.13,1772.99,536511.3973,27261.07
2023-03-29,1773.0,1827.99,1772.48,1793.07,536865.5972,28348.6
2023-03-30,1793.06,1829.69,1763.0,1793.61,579690.0394,28028.53
2023-03-31,1793.6,1847.28,1777.91,1821.52,554525.4762,28465.36
2023-04-01,1821.52,1842.83,1807.81,1820.79,272904.9674,28452.73
2023-04-02,1820.8,1824.81,1771.7,1794.51,322122.9385,28171.87
2023-04-03,1794.51,1839.99,1762.77,1810.51,628503.6619,27800.0
2023-04-04,1810.51,1891.91,1802.01,1870.37,622208.6411,28165.47
2023-04-05,1870.38,1942.98,1864.58,1908.69,548595.5155,28170.01
2023-04-06,1908.68,1909.91,1853.7,1872.41,396241.4352,28033.82
2023-04-07,1872.41,1882.61,1841.46,1863.72,284256.4873,27906.33
2023-04-08,1863.73,1879.38,1847.0,1848.82,197905.5407,27938.38
2023-04-09,1848.82,1873.99,1824.01,1858.92,287131.3079,28323.76
2023-04-10,1858.91,1918.79,1846.4,1910.2,434739.7984,29637.34
2023-04-11,1910.21,1937.37,1881.11,1889.86,405203.4892,30200.42
2023-04-12,1889.86,1933.0,1852.65,1917.39,630844.4186,29888.07
2023-04-13,1917.4,2023.0,1899.55,2012.01,676164.5188,30373.84
2023-04-14,2012.0,2128.76,2009.22,2099.99,896307.3934,30466.93
2023-04-15,2099.99,2111.85,2071.13,2090.6,321823.7851,30295.09
2023-04-16,2090.61,2141.54,2072.72,2118.67,319880.4393,30304.65
2023-04-17,2118.66,2120.51,2056.25,2074.0,426972.7071,29430.27
2023-04-18,2073.99,2125.0,2051.0,2103.5,414244.6135,30380.01
2023-04-19,2103.51,2104.6,1923.03,1933.73,775389.0602,28797.1
2023-04-20,1933.74,1982.99,1914.43,1942.98,625336.2495,28243.65
2023-04-21,1942.98,1957.27,1825.0,1848.78,688876.6186,27262.84
2023-04-22,1848.77,1887.31,1841.64,1874.16,331007.5879,27816.85
2023-04-23,1874.17,1882.01,1836.37,1862.0,344514.3444,27590.6
2023-04-24,1862.01,1890.0,1806.0,1841.84,447864.0517,27510.93
2023-04-25,1841.84,1877.86,1801.66,1866.1,457870.6047,28300.79
2023-04-26,1866.1,1964.72,1785.0,1866.01,897709.7298,28415.29
2023-04-27,1866.01,1940.96,1861.19,1908.68,727472.9466,29472.77
2023-04-28,1908.68,1923.88,1873.94,1890.94,387630.7791,29311.7
2023-04-29,1890.93,1918.0,1883.05,1907.8,182046.1406,29230.45
2023-04-30,1907.79,1939.0,1866.16,1870.09,355336.4888,29233.21
2023-05-01,1870.08,1886.49,1806.12,1830.73,445519.1779,28068.26
2023-05-02,1830.73,1881.87,1822.94,1870.08,373753.2027,28669.86
2023-05-03,1870.09,1916.52,1842.64,1905.12,465185.2501,29026.16
2023-05-04,1905.12,1918.26,1866.71,1877.07,354528.6144,28838.16
2023-05-05,1877.07,1998.36,1875.65,1993.3,546608.875,29505.61
2023-05-06,1993.3,2019.0,1860.0,1896.33,608106.9915,28848.2
2023-05-07,1896.33,1933.33,1867.59,1870.4,413268.8357,28430.1
2023-05-08,1870.41,1883.97,1810.73,1847.56,625316.6168,27668.79
2023-05-09,1847.55,1861.88,1830.99,1846.52,304396.186,27628.27
2023-05-10,1846.53,1887.47,1790.51,1840.84,639933.3855,27598.75
2023-05-11,1840.83,1842.02,1772.68,1794.3,522096.0725,26968.62
2023-05-12,1794.31,1818.63,1740.0,1807.45,565539.8309,26795.01
2023-05-13,1807.45,1817.03,1785.23,1795.11,212895.4373,26775.28
2023-05-14,1795.12,1824.0,1789.82,1799.21,218101.0977,26917.62
2023-05-15,1799.2,1846.7,1785.05,1816.2,388171.9261,27162.14
2023-05-16,1816.21,1827.18,1796.2,1814.26,161290.6349,27055.58
